﻿<window  id="1">
    <controls>
        <control type="image">
            <description>Epic Background</description>
            <posx>0</posx>
            <posy>0</posy>
            <width>1280</width>
            <height>720</height>
            <texture>background1280x720.png</texture>
        </control>
		<control type="label">
            <description>Label</description>
            <posx>0</posx>
            <posy>300</posy>
            <width>1280</width>
            <height>720</height>
            <textcolor>hotpink</textcolor>
			<shadowcolor>ff000000</shadowcolor>
            <label>Ducominer</label>
            <align>center</align>
            <aligny>center</aligny>
        </control>
    </controls>
</window>
