<window  id="2">
    <controls>
        <control type="image">
            <description>Epic Background</description>
            <posx>400</posx>
            <posy>0</posy>
            <width>250</width>
            <height>250</height>
            <texture>pacific_rim.jpg</texture>
        </control>
		<control type="label">
            <description>Label</description>
            <posx>0</posx>
            <posy>300</posy>
            <width>280</width>
            <height>280</height>
            <textcolor>hotpink</textcolor>
			<shadowcolor>ff000000</shadowcolor>
            <label>°º¤ø,¸¸,ø¤º°`°º¤ø,¸,ø¤°º¤øblablabaklvftz utefdu ewefzugf uwerzgf euwrz g¤°º¤ø,¸¸,ø¤º°`°º¤ø,¸</label>
            <align>center</align>
            <aligny>center</aligny>
        </control>
    </controls>
</window>
