<?xml version="1.0" encoding="UTF-8" standalone="yes"?>
<addon id="script.screensaver.ducominer"
    name="Crypto mining screensaver"
    version="0.1"
    provider-name="SandUhrGucker">
  <requires>
    <import addon="xbmc.python" version="3.0.0"/>
  </requires>
  <extension point="xbmc.ui.screensaver" library="default.py" />
  <extension point="xbmc.addon.metadata">
    <platform>all</platform>
    <summary lang="en">Ducominer</summary>
    <description lang="en">Kodi Screensaver miner for Duino Coin cryptocurrency</description>
    <website>https://github.com/SandUhrGucker/duino-coin-kodi</website>
    <email>sanduhrgucker@googlemail.com</email>
    <assets>
		<icon>icon.png</icon>
		<screenshot>resources/screenshot-01.jpg</screenshot>
		<screenshot>resources/screenshot-02.jpg</screenshot>
		<screenshot>resources/screenshot-03.jpg</screenshot>
    </assets>
    <news>Initial release of v0.1 - 22.04.2021</news>
    <source>https://github.com/SandUhrGucker/duino-coin-kodi</source>
  </extension>
</addon>
